<!DOCTYPE PATCH  SYSTEM "http://vvvv.org/versions/vvvv50beta42.dtd" >
   <PATCH nodename="C:\Users\Francesco\Desktop\repo\aiep\corpomemory\.vvvv\modules\ColorFilter.v4p" systemname="ColorFilter" filename="C:\Users\Francesco\Desktop\repo\aiep\corpomemory\.vvvv\modules\ColorFilter.v4p">
   <NODE systemname="LinearFilter (Animation)" nodename="LinearFilter (Animation)" componentmode="Hidden" id="0">
   <BOUNDS type="Node" left="1695" top="2655" width="100" height="100">
   </BOUNDS>
   <PIN pinname="Go To Position" visible="1" slicecount="1" values="1">
   </PIN>
   <PIN pinname="Position Out" visible="1">
   </PIN>
   </NODE>
   <NODE systemname="LinearFilter (Animation)" nodename="LinearFilter (Animation)" componentmode="Hidden" id="1">
   <BOUNDS type="Node" left="1890" top="3105" width="100" height="100">
   </BOUNDS>
   <PIN pinname="Go To Position" visible="1" slicecount="1" values="0.49722">
   </PIN>
   <PIN pinname="Position Out" visible="1">
   </PIN>
   </NODE>
   <NODE systemname="LinearFilter (Animation)" nodename="LinearFilter (Animation)" componentmode="Hidden" id="2">
   <BOUNDS type="Node" left="1545" top="2160" width="100" height="100">
   </BOUNDS>
   <PIN pinname="Go To Position" visible="1" slicecount="1" values="0.0394677741576499">
   </PIN>
   <PIN pinname="Position Out" visible="1">
   </PIN>
   <PIN pinname="Cyclic" slicecount="1" values="NotCyclic">
   </PIN>
   </NODE>
   <NODE systemname="RGB (Color Split)" nodename="RGB (Color Split)" componentmode="Hidden" id="3">
   <BOUNDS type="Node" left="1560" top="1500" width="100" height="100">
   </BOUNDS>
   <PIN pinname="Saturation" visible="1">
   </PIN>
   <PIN pinname="Lightness" visible="1">
   </PIN>
   <PIN pinname="Hue" visible="1">
   </PIN>
   <PIN pinname="Input" visible="1">
   </PIN>
   <PIN pinname="Red" visible="1">
   </PIN>
   <PIN pinname="Green" visible="1">
   </PIN>
   <PIN pinname="Blue" visible="1">
   </PIN>
   </NODE>
   <NODE systemname="RGB (Color Join)" nodename="RGB (Color Join)" componentmode="Hidden" id="4">
   <BOUNDS type="Node" left="1500" top="3615" width="100" height="100">
   </BOUNDS>
   <PIN pinname="Saturation" visible="1">
   </PIN>
   <PIN pinname="Lightness" visible="1">
   </PIN>
   <PIN pinname="Hue" visible="1">
   </PIN>
   <PIN pinname="Output" visible="1">
   </PIN>
   <PIN pinname="Red" visible="1">
   </PIN>
   <PIN pinname="Green" visible="1">
   </PIN>
   <PIN pinname="Blue" visible="1">
   </PIN>
   </NODE>
   <LINK srcnodeid="2" srcpinname="Position Out" dstnodeid="4" dstpinname="Red">
   </LINK>
   <LINK srcnodeid="0" srcpinname="Position Out" dstnodeid="4" dstpinname="Green">
   </LINK>
   <LINK srcnodeid="1" srcpinname="Position Out" dstnodeid="4" dstpinname="Blue">
   <LINKPOINT x="1950" y="3600">
   </LINKPOINT>
   </LINK>
   <NODE id="5" systemname="IOBox (Color)" componentmode="InABox" nodename="IOBox (Color)">
   <PIN pinname="Descriptive Name" slicecount="1" values="Output">
   </PIN>
   <BOUNDS type="Box" left="1500" top="4215" width="750" height="240">
   </BOUNDS>
   <BOUNDS type="Node" left="1500" top="4215" width="750" height="240">
   </BOUNDS>
   </NODE>
   <LINK srcnodeid="4" srcpinname="Output" dstnodeid="5" dstpinname="Color Input">
   </LINK>
   <LINK srcnodeid="3" srcpinname="Red" dstnodeid="2" dstpinname="Go To Position">
   </LINK>
   <NODE id="6" systemname="IOBox (Color)" componentmode="InABox" nodename="IOBox (Color)">
   <PIN pinname="Descriptive Name" slicecount="1" values="Input">
   </PIN>
   <BOUNDS type="Box" left="1560" top="500" width="750" height="240">
   </BOUNDS>
   <BOUNDS type="Node" left="1560" top="500" width="750" height="240">
   </BOUNDS>
   </NODE>
   <LINK srcnodeid="6" srcpinname="Color Output" dstnodeid="3" dstpinname="Input">
   </LINK>
   <LINK srcnodeid="3" srcpinname="Green" dstnodeid="0" dstpinname="Go To Position">
   </LINK>
   <LINK srcnodeid="3" srcpinname="Blue" dstnodeid="1" dstpinname="Go To Position">
   </LINK>
   <BOUNDS type="Window" left="-1" top="-1" width="3490" height="5215">
   </BOUNDS>
   <PACK Name="dx11" Version="1.3.1">
   </PACK>
   <PACK Name="vvvv-Message" Version="2.9.10">
   </PACK>
   <PACK Name="addonpack" Version="42.0.0">
   </PACK>
   </PATCH>