<!DOCTYPE PATCH  SYSTEM "http://vvvv.org/versions/vvvv50beta42.dtd" >
   <PATCH nodename="C:\Users\Francesco\Desktop\repo\aiep\corpomemory\.vvvv\modules\messageTypes.v4p" systemname="messageTypes" filename="C:\Users\Kamome\Documents\ws-demo\ws-vvvv-platform\.vvvv\modules\messageTypes.v4p" scrollx="13260" scrolly="800">
   <NODE nodename="IOBox (String)" componentmode="InABox" id="0" systemname="IOBox (String)">
   <BOUNDS type="Box" left="1500" top="1932" width="1032" height="252">
   </BOUNDS>
   <BOUNDS type="Node" left="1500" top="1932" width="0" height="0">
   </BOUNDS>
   <PIN pinname="Input String" slicecount="1" visible="1" values="textMessage">
   </PIN>
   <PIN pinname="Default" slicecount="1" values="Event">
   </PIN>
   <PIN pinname="File Mask" slicecount="1" values="||">
   </PIN>
   <PIN pinname="Maximum Characters" slicecount="1" values="-1">
   </PIN>
   <PIN pinname="Rows" slicecount="1" values="1">
   </PIN>
   <PIN pinname="SliceCount Mode" slicecount="1" values="ColsRowsPages">
   </PIN>
   <PIN pinname="Output String" visible="1">
   </PIN>
   </NODE>
   <NODE systemname="Formular (Message)" filename="%VVVV%\packs\vvvv-Message\nodes\plugins\VVVV.Nodes.Messaging.dll" nodename="Formular (Message)" componentmode="Hidden" id="1" hiddenwhenlocked="0" managers="">
   <BOUNDS type="Node" left="2568" top="3300" width="100" height="100">
   </BOUNDS>
   <BOUNDS type="Box" left="-4056" top="1020" width="2400" height="1800">
   </BOUNDS>
   <BOUNDS type="Window" left="0" top="0" width="6000" height="4500">
   </BOUNDS>
   <PIN pinname="Descriptive Name" pintype="Configuration" slicecount="1" values="||">
   </PIN>
   <PIN pinname="Tag" pintype="Configuration" slicecount="1" values="||">
   </PIN>
   <PIN pinname="Formular Name" pintype="Input" visible="1" slicecount="1" values="Event">
   </PIN>
   <PIN pinname="Configuration" pintype="Input" visible="1" slicecount="1" values="|string Foo|">
   </PIN>
   <PIN pinname="Configuration Bin Size" pintype="Input" visible="1" slicecount="1" values="-1">
   </PIN>
   <PIN pinname="Inherit All" pintype="Input" visible="1" slicecount="1" values="||">
   </PIN>
   <PIN pinname="Update" pintype="Input" visible="1" slicecount="1" values="0">
   </PIN>
   <PIN pinname="Evaluate" pintype="Input" visible="-1" slicecount="1" values="1">
   </PIN>
   <PIN pinname="Window Handle" pintype="Output">
   </PIN>
   <PIN pinname="Formular" pintype="Output" visible="1">
   </PIN>
   <PIN pinname="Error" pintype="Output" visible="1">
   </PIN>
   <PIN pinname="ID" pintype="Output" visible="-1">
   </PIN>
   </NODE>
   <NODE nodename="IOBox (String)" componentmode="InABox" id="2" systemname="IOBox (String)">
   <BOUNDS type="Box" left="4548" top="1872" width="996" height="240">
   </BOUNDS>
   <BOUNDS type="Node" left="4548" top="1872" width="0" height="0">
   </BOUNDS>
   <PIN pinname="Input String" slicecount="1" visible="1" values="colorMessage">
   </PIN>
   <PIN pinname="Default" slicecount="1" values="Event">
   </PIN>
   <PIN pinname="File Mask" slicecount="1" values="||">
   </PIN>
   <PIN pinname="Maximum Characters" slicecount="1" values="-1">
   </PIN>
   <PIN pinname="Rows" slicecount="1" values="1">
   </PIN>
   <PIN pinname="SliceCount Mode" slicecount="1" values="ColsRowsPages">
   </PIN>
   <PIN pinname="Output String" visible="1">
   </PIN>
   </NODE>
   <NODE systemname="Formular (Message)" filename="%VVVV%\packs\vvvv-Message\nodes\plugins\VVVV.Nodes.Messaging.dll" nodename="Formular (Message)" componentmode="Hidden" id="3" hiddenwhenlocked="0" managers="">
   <BOUNDS type="Node" left="5472" top="3288" width="100" height="100">
   </BOUNDS>
   <BOUNDS type="Box" left="-1152" top="984" width="2400" height="1800">
   </BOUNDS>
   <BOUNDS type="Window" left="0" top="0" width="6000" height="4500">
   </BOUNDS>
   <PIN pinname="Descriptive Name" pintype="Configuration" slicecount="1" values="||">
   </PIN>
   <PIN pinname="Tag" pintype="Configuration" slicecount="1" values="||">
   </PIN>
   <PIN pinname="Formular Name" pintype="Input" visible="1" slicecount="1" values="Event">
   </PIN>
   <PIN pinname="Configuration" pintype="Input" visible="1" slicecount="1" values="|string Foo|">
   </PIN>
   <PIN pinname="Configuration Bin Size" pintype="Input" visible="1" slicecount="1" values="-1">
   </PIN>
   <PIN pinname="Inherit All" pintype="Input" visible="1" slicecount="1" values="||">
   </PIN>
   <PIN pinname="Update" pintype="Input" visible="1" slicecount="1" values="0">
   </PIN>
   <PIN pinname="Evaluate" pintype="Input" visible="-1" slicecount="1" values="1">
   </PIN>
   <PIN pinname="Window Handle" pintype="Output">
   </PIN>
   <PIN pinname="Formular" pintype="Output" visible="1">
   </PIN>
   <PIN pinname="Error" pintype="Output" visible="1">
   </PIN>
   <PIN pinname="ID" pintype="Output" visible="-1">
   </PIN>
   </NODE>
   <NODE systemname="IOBox (String)" nodename="IOBox (String)" componentmode="InABox" id="4">
   <BOUNDS type="Node" left="2820" top="903" width="100" height="100">
   </BOUNDS>
   <BOUNDS type="Box" left="2820" top="903" width="1635" height="1755">
   </BOUNDS>
   <PIN pinname="Rows" slicecount="1" values="7">
   </PIN>
   <PIN pinname="SliceCount Mode" slicecount="1" values="ColsRowsPages">
   </PIN>
   <PIN pinname="Show Grid" slicecount="1" values="1">
   </PIN>
   <PIN pinname="Input String" slicecount="7" values="|string type|,|string data|,|string color|,|bool scroll|,|string duration|,|string fontSize|,|string counter|">
   </PIN>
   <PIN pinname="Output String" visible="1">
   </PIN>
   </NODE>
   <NODE systemname="IOBox (String)" nodename="IOBox (String)" componentmode="InABox" id="5">
   <BOUNDS type="Node" left="5628" top="1860" width="100" height="100">
   </BOUNDS>
   <BOUNDS type="Box" left="5628" top="1860" width="1440" height="690">
   </BOUNDS>
   <PIN pinname="Rows" slicecount="1" values="3">
   </PIN>
   <PIN pinname="SliceCount Mode" slicecount="1" values="ColsRowsPages">
   </PIN>
   <PIN pinname="Show Grid" slicecount="1" values="1">
   </PIN>
   <PIN pinname="Input String" slicecount="3" values="|string type|,|string transition|,|string color|">
   </PIN>
   <PIN pinname="Output String" visible="1">
   </PIN>
   </NODE>
   <NODE systemname="Formular (Message)" filename="%VVVV%\packs\vvvv-Message\nodes\plugins\VVVV.Nodes.Messaging.dll" nodename="Formular (Message)" componentmode="Hidden" id="6">
   <BOUNDS type="Node" left="8040" top="3408" width="100" height="100">
   </BOUNDS>
   <PIN pinname="Formular Name" slicecount="1" visible="1" values="soundMessage">
   </PIN>
   <PIN pinname="Configuration" visible="1">
   </PIN>
   <PIN pinname="Update" slicecount="1" values="0">
   </PIN>
   </NODE>
   <NODE systemname="IOBox (String)" nodename="IOBox (String)" componentmode="InABox" id="7">
   <BOUNDS type="Node" left="8301" top="1443" width="100" height="100">
   </BOUNDS>
   <BOUNDS type="Box" left="8301" top="1443" width="1365" height="1710">
   </BOUNDS>
   <PIN pinname="Rows" slicecount="1" values="7">
   </PIN>
   <PIN pinname="SliceCount Mode" slicecount="1" values="ColsRowsPages">
   </PIN>
   <PIN pinname="Show Grid" slicecount="1" values="1">
   </PIN>
   <PIN pinname="Input String" slicecount="7" values="|string type|,|string[] samples|,|string counter|,|bool debug|,|bool stop|,|string gain|,|string split|">
   </PIN>
   <PIN pinname="Output String" visible="1">
   </PIN>
   </NODE>
   <NODE nodename="IOBox (String)" componentmode="InABox" id="8" systemname="IOBox (String)">
   <BOUNDS type="Box" left="7248" top="2052" width="792" height="240">
   </BOUNDS>
   <BOUNDS type="Node" left="7248" top="2052" width="0" height="0">
   </BOUNDS>
   <PIN pinname="Input String" slicecount="1" visible="1" values="soundMessage">
   </PIN>
   <PIN pinname="Default" slicecount="1" values="Event">
   </PIN>
   <PIN pinname="File Mask" slicecount="1" values="||">
   </PIN>
   <PIN pinname="Maximum Characters" slicecount="1" values="-1">
   </PIN>
   </NODE>
   <NODE systemname="Formular (Message)" filename="%VVVV%\packs\vvvv-Message\nodes\plugins\VVVV.Nodes.Messaging.dll" nodename="Formular (Message)" componentmode="Hidden" id="9">
   <BOUNDS type="Node" left="10608" top="3480" width="100" height="100">
   </BOUNDS>
   <PIN pinname="Formular Name" visible="1">
   </PIN>
   <PIN pinname="Configuration" visible="1">
   </PIN>
   <PIN pinname="Update" slicecount="1" values="0">
   </PIN>
   </NODE>
   <NODE nodename="IOBox (String)" componentmode="InABox" id="10" systemname="IOBox (String)">
   <BOUNDS type="Box" left="10152" top="2004" width="792" height="240">
   </BOUNDS>
   <BOUNDS type="Node" left="10152" top="2004" width="0" height="0">
   </BOUNDS>
   <PIN pinname="Input String" slicecount="1" visible="1" values="speechMessage">
   </PIN>
   <PIN pinname="Default" slicecount="1" values="Event">
   </PIN>
   <PIN pinname="File Mask" slicecount="1" values="||">
   </PIN>
   <PIN pinname="Maximum Characters" slicecount="1" values="-1">
   </PIN>
   </NODE>
   <NODE systemname="IOBox (String)" nodename="IOBox (String)" componentmode="InABox" id="11">
   <BOUNDS type="Node" left="11052" top="1212" width="100" height="100">
   </BOUNDS>
   <BOUNDS type="Box" left="11052" top="1212" width="1740" height="1860">
   </BOUNDS>
   <PIN pinname="Rows" slicecount="1" values="10">
   </PIN>
   <PIN pinname="SliceCount Mode" slicecount="1" values="ColsRowsPages">
   </PIN>
   <PIN pinname="Show Grid" slicecount="1" values="1">
   </PIN>
   <PIN pinname="Input String" slicecount="10" values="|string type|,|string text|,|string gender|,|string pitch|,|string gain|,|string speakingRate|,|string language|,|int counter|,|bool stop|,|bool loop|">
   </PIN>
   <PIN pinname="Output String" visible="1">
   </PIN>
   </NODE>
   <LINK srcnodeid="0" srcpinname="Output String" dstnodeid="1" dstpinname="Formular Name" linkstyle="Bezier">
   <LINKPOINT x="1560" y="2736">
   </LINKPOINT>
   <LINKPOINT x="2556" y="2736">
   </LINKPOINT>
   </LINK>
   <LINK srcnodeid="4" srcpinname="Output String" dstnodeid="1" dstpinname="Configuration">
   </LINK>
   <LINK srcnodeid="2" srcpinname="Output String" dstnodeid="3" dstpinname="Formular Name" linkstyle="Bezier">
   <LINKPOINT x="4608" y="2700">
   </LINKPOINT>
   <LINKPOINT x="5460" y="2700">
   </LINKPOINT>
   </LINK>
   <LINK srcnodeid="5" srcpinname="Output String" dstnodeid="3" dstpinname="Configuration">
   </LINK>
   <LINK srcnodeid="8" srcpinname="Output String" dstnodeid="6" dstpinname="Formular Name" linkstyle="Bezier">
   <LINKPOINT x="7412" y="2826">
   </LINKPOINT>
   <LINKPOINT x="7912" y="2862">
   </LINKPOINT>
   </LINK>
   <LINK srcnodeid="7" srcpinname="Output String" dstnodeid="6" dstpinname="Configuration">
   </LINK>
   <LINK srcnodeid="10" srcpinname="Output String" dstnodeid="9" dstpinname="Formular Name">
   </LINK>
   <LINK srcnodeid="11" srcpinname="Output String" dstnodeid="9" dstpinname="Configuration">
   </LINK>
   <BOUNDS type="Window" left="13335" top="3210" width="12600" height="5070">
   </BOUNDS>
   <PACK Name="dx11" Version="1.3.1">
   </PACK>
   <PACK Name="dx11.particles" Version="1.0.6">
   </PACK>
   <PACK Name="vvvv-Message" Version="2.9.10">
   </PACK>
   <PACK Name="addonpack" Version="42.0.0">
   </PACK>
   <NODE systemname="Formular (Message)" filename="%VVVV%\packs\vvvv-Message\nodes\plugins\VVVV.Nodes.Messaging.dll" nodename="Formular (Message)" componentmode="Hidden" id="14">
   <BOUNDS type="Node" left="14664" top="3408" width="100" height="100">
   </BOUNDS>
   <PIN pinname="Formular Name" slicecount="1" visible="1" values="soundMessage">
   </PIN>
   <PIN pinname="Configuration" visible="1">
   </PIN>
   <PIN pinname="Update" slicecount="1" values="0">
   </PIN>
   </NODE>
   <NODE systemname="IOBox (String)" nodename="IOBox (String)" componentmode="InABox" id="13">
   <BOUNDS type="Node" left="14880" top="2028" width="100" height="100">
   </BOUNDS>
   <BOUNDS type="Box" left="14880" top="2028" width="1344" height="1116">
   </BOUNDS>
   <PIN pinname="Rows" slicecount="1" values="5">
   </PIN>
   <PIN pinname="SliceCount Mode" slicecount="1" values="ColsRowsPages">
   </PIN>
   <PIN pinname="Show Grid" slicecount="1" values="1">
   </PIN>
   <PIN pinname="Input String" slicecount="5" values="|string type|,|string[] samples|,|string voices|,|bool loop|,|int counter|">
   </PIN>
   <PIN pinname="Output String" visible="1">
   </PIN>
   </NODE>
   <NODE nodename="IOBox (String)" componentmode="InABox" id="12" systemname="IOBox (String)">
   <BOUNDS type="Box" left="13872" top="2052" width="792" height="240">
   </BOUNDS>
   <BOUNDS type="Node" left="13872" top="2052" width="0" height="0">
   </BOUNDS>
   <PIN pinname="Input String" slicecount="1" visible="1" values="voicesMessage">
   </PIN>
   <PIN pinname="Default" slicecount="1" values="Event">
   </PIN>
   <PIN pinname="File Mask" slicecount="1" values="||">
   </PIN>
   <PIN pinname="Maximum Characters" slicecount="1" values="-1">
   </PIN>
   </NODE>
   <LINK srcnodeid="12" srcpinname="Output String" dstnodeid="14" dstpinname="Formular Name" linkstyle="Bezier">
   <LINKPOINT x="14036" y="2826">
   </LINKPOINT>
   <LINKPOINT x="14536" y="2862">
   </LINKPOINT>
   </LINK>
   <LINK srcnodeid="13" srcpinname="Output String" dstnodeid="14" dstpinname="Configuration">
   </LINK>
   <NODE systemname="Formular (Message)" filename="%VVVV%\packs\vvvv-Message\nodes\plugins\VVVV.Nodes.Messaging.dll" nodename="Formular (Message)" componentmode="Hidden" id="17">
   <BOUNDS type="Node" left="17724" top="3600" width="100" height="100">
   </BOUNDS>
   <PIN pinname="Formular Name" slicecount="1" visible="1" values="soundMessage">
   </PIN>
   <PIN pinname="Configuration" visible="1">
   </PIN>
   <PIN pinname="Update" slicecount="1" values="0">
   </PIN>
   </NODE>
   <NODE systemname="IOBox (String)" nodename="IOBox (String)" componentmode="InABox" id="16">
   <BOUNDS type="Node" left="18060" top="2004" width="100" height="100">
   </BOUNDS>
   <BOUNDS type="Box" left="18060" top="2004" width="1980" height="1020">
   </BOUNDS>
   <PIN pinname="Rows" slicecount="1" values="4">
   </PIN>
   <PIN pinname="SliceCount Mode" slicecount="1" values="ColsRowsPages">
   </PIN>
   <PIN pinname="Show Grid" slicecount="1" values="1">
   </PIN>
   <PIN pinname="Input String" slicecount="4" values="|string type|,|bool visual|,|bool sound|,|bool message|">
   </PIN>
   <PIN pinname="Output String" visible="1">
   </PIN>
   </NODE>
   <NODE nodename="IOBox (String)" componentmode="InABox" id="15" systemname="IOBox (String)">
   <BOUNDS type="Box" left="16896" top="2220" width="840" height="240">
   </BOUNDS>
   <BOUNDS type="Node" left="16896" top="2220" width="0" height="0">
   </BOUNDS>
   <PIN pinname="Input String" slicecount="1" visible="1" values="userInteractionMessage">
   </PIN>
   <PIN pinname="Default" slicecount="1" values="Event">
   </PIN>
   <PIN pinname="File Mask" slicecount="1" values="||">
   </PIN>
   <PIN pinname="Maximum Characters" slicecount="1" values="-1">
   </PIN>
   </NODE>
   <LINK srcnodeid="15" srcpinname="Output String" dstnodeid="17" dstpinname="Formular Name" linkstyle="Bezier">
   <LINKPOINT x="17072" y="3002">
   </LINKPOINT>
   <LINKPOINT x="17584" y="3046">
   </LINKPOINT>
   </LINK>
   <LINK srcnodeid="16" srcpinname="Output String" dstnodeid="17" dstpinname="Configuration">
   </LINK>
   <NODE nodename="IOBox (String)" componentmode="InABox" id="20" systemname="IOBox (String)">
   <BOUNDS type="Box" left="20750" top="2539" width="1032" height="252">
   </BOUNDS>
   <BOUNDS type="Node" left="20750" top="2539" width="0" height="0">
   </BOUNDS>
   <PIN pinname="Input String" slicecount="1" visible="1" values="clientTextMessage">
   </PIN>
   <PIN pinname="Default" slicecount="1" values="Event">
   </PIN>
   <PIN pinname="File Mask" slicecount="1" values="||">
   </PIN>
   <PIN pinname="Maximum Characters" slicecount="1" values="-1">
   </PIN>
   <PIN pinname="Rows" slicecount="1" values="1">
   </PIN>
   <PIN pinname="SliceCount Mode" slicecount="1" values="ColsRowsPages">
   </PIN>
   <PIN pinname="Output String" visible="1">
   </PIN>
   </NODE>
   <NODE systemname="Formular (Message)" filename="%VVVV%\packs\vvvv-Message\nodes\plugins\VVVV.Nodes.Messaging.dll" nodename="Formular (Message)" componentmode="Hidden" id="19" hiddenwhenlocked="0" managers="">
   <BOUNDS type="Node" left="21818" top="3907" width="100" height="100">
   </BOUNDS>
   <BOUNDS type="Box" left="15194" top="1627" width="2400" height="1800">
   </BOUNDS>
   <BOUNDS type="Window" left="0" top="0" width="6000" height="4500">
   </BOUNDS>
   <PIN pinname="Descriptive Name" pintype="Configuration" slicecount="1" values="||">
   </PIN>
   <PIN pinname="Tag" pintype="Configuration" slicecount="1" values="||">
   </PIN>
   <PIN pinname="Formular Name" pintype="Input" visible="1" slicecount="1" values="Event">
   </PIN>
   <PIN pinname="Configuration" pintype="Input" visible="1" slicecount="1" values="|string Foo|">
   </PIN>
   <PIN pinname="Configuration Bin Size" pintype="Input" visible="1" slicecount="1" values="-1">
   </PIN>
   <PIN pinname="Inherit All" pintype="Input" visible="1" slicecount="1" values="||">
   </PIN>
   <PIN pinname="Update" pintype="Input" visible="1" slicecount="1" values="0">
   </PIN>
   <PIN pinname="Evaluate" pintype="Input" visible="-1" slicecount="1" values="1">
   </PIN>
   <PIN pinname="Window Handle" pintype="Output">
   </PIN>
   <PIN pinname="Formular" pintype="Output" visible="1">
   </PIN>
   <PIN pinname="Error" pintype="Output" visible="1">
   </PIN>
   <PIN pinname="ID" pintype="Output" visible="-1">
   </PIN>
   </NODE>
   <NODE systemname="IOBox (String)" nodename="IOBox (String)" componentmode="InABox" id="18">
   <BOUNDS type="Node" left="22040" top="1950" width="100" height="100">
   </BOUNDS>
   <BOUNDS type="Box" left="22040" top="1950" width="1350" height="870">
   </BOUNDS>
   <PIN pinname="Rows" slicecount="1" values="3">
   </PIN>
   <PIN pinname="SliceCount Mode" slicecount="1" values="ColsRowsPages">
   </PIN>
   <PIN pinname="Show Grid" slicecount="1" values="1">
   </PIN>
   <PIN pinname="Input String" slicecount="3" values="|string type|,|string text|,|string id|">
   </PIN>
   <PIN pinname="Output String" visible="1">
   </PIN>
   </NODE>
   <LINK srcnodeid="20" srcpinname="Output String" dstnodeid="19" dstpinname="Formular Name" linkstyle="Bezier">
   <LINKPOINT x="20810" y="3343">
   </LINKPOINT>
   <LINKPOINT x="21806" y="3343">
   </LINKPOINT>
   </LINK>
   <LINK srcnodeid="18" srcpinname="Output String" dstnodeid="19" dstpinname="Configuration">
   </LINK>
   </PATCH>