<!DOCTYPE PATCH  SYSTEM "http://vvvv.org/versions/vvvv50beta39.dtd" >
   <PATCH nodename="C:\Users\Kamome\Documents\ws-demo\ws-vvvv-platform\.vvvv\modules\ReconnectModule.v4p" systemname="ReconnectModule" filename="C:\Users\Kamome\Documents\ws-demo\ws-vvvv-platform\.vvvv\ReconnectModule.v4p" scrollx="516" scrolly="0">
   <NODE systemname="TogEdge (Animation)" nodename="TogEdge (Animation)" componentmode="Hidden" id="0" hiddenwhenlocked="1">
   <BOUNDS type="Node" left="1512" top="1884" width="100" height="100">
   </BOUNDS>
   <PIN pinname="Input" visible="1">
   </PIN>
   <PIN pinname="Up Edge" visible="1">
   </PIN>
   </NODE>
   <NODE systemname="MonoFlop (Animation)" nodename="MonoFlop (Animation)" componentmode="Hidden" id="1" hiddenwhenlocked="1">
   <BOUNDS type="Node" left="1512" top="2268" width="816" height="276">
   </BOUNDS>
   <PIN pinname="Set" visible="1">
   </PIN>
   <PIN pinname="Inverse Output" visible="1">
   </PIN>
   <PIN pinname="Time" visible="1">
   </PIN>
   </NODE>
   <NODE systemname="FrameDelay (Value)" filename="%VVVV%\lib\nodes\plugins\VVVV.Nodes.dll" nodename="FrameDelay (Value)" componentmode="Hidden" id="2" hiddenwhenlocked="1">
   <BOUNDS type="Node" left="2268" top="2796" width="100" height="100">
   </BOUNDS>
   <BOUNDS type="Box" left="2268" top="2796" width="2400" height="2400">
   </BOUNDS>
   <PIN pinname="Input 1" visible="1">
   </PIN>
   <PIN pinname="Output 1" visible="1">
   </PIN>
   <PIN pinname="Initialize" slicecount="1" values="0">
   </PIN>
   </NODE>
   <NODE systemname="AND (Boolean)" nodename="AND (Boolean)" componentmode="Hidden" id="3" hiddenwhenlocked="1">
   <BOUNDS type="Node" left="2292" top="3228" width="1272" height="276">
   </BOUNDS>
   <PIN pinname="Input 1" visible="1">
   </PIN>
   <PIN pinname="Output" visible="1">
   </PIN>
   <PIN pinname="Input 2" visible="1" slicecount="1" values="1">
   </PIN>
   </NODE>
   <NODE systemname="NOT (Boolean)" nodename="NOT (Boolean)" componentmode="Hidden" id="4" hiddenwhenlocked="1">
   <BOUNDS type="Node" left="1500" top="1500" width="100" height="100">
   </BOUNDS>
   <PIN pinname="Input" visible="1">
   </PIN>
   <PIN pinname="Output" visible="1">
   </PIN>
   </NODE>
   <NODE id="5" systemname="IOBox (Value Advanced)" componentmode="InABox" nodename="IOBox (Value Advanced)">
   <PIN pinname="Descriptive Name" slicecount="1" values="|WS Connection|">
   </PIN>
   <BOUNDS type="Box" left="1500" top="500" width="756" height="240">
   </BOUNDS>
   <BOUNDS type="Node" left="1500" top="500" width="750" height="240">
   </BOUNDS>
   </NODE>
   <LINK srcnodeid="5" srcpinname="Y Output Value" dstnodeid="4" dstpinname="Input">
   </LINK>
   <LINK srcnodeid="4" srcpinname="Output" dstnodeid="0" dstpinname="Input">
   </LINK>
   <LINK srcnodeid="0" srcpinname="Up Edge" dstnodeid="1" dstpinname="Set">
   </LINK>
   <LINK srcnodeid="1" srcpinname="Inverse Output" dstnodeid="2" dstpinname="Input 1">
   </LINK>
   <LINK srcnodeid="2" srcpinname="Output 1" dstnodeid="3" dstpinname="Input 1">
   </LINK>
   <NODE id="6" systemname="IOBox (Value Advanced)" componentmode="InABox" nodename="IOBox (Value Advanced)">
   <PIN pinname="Descriptive Name" slicecount="1" values="Connect">
   </PIN>
   <BOUNDS type="Box" left="4200" top="512" width="750" height="240">
   </BOUNDS>
   <BOUNDS type="Node" left="4200" top="512" width="750" height="240">
   </BOUNDS>
   </NODE>
   <LINK srcnodeid="6" srcpinname="Y Output Value" dstnodeid="3" dstpinname="Input 2">
   </LINK>
   <NODE id="7" systemname="IOBox (Value Advanced)" componentmode="InABox" nodename="IOBox (Value Advanced)">
   <PIN pinname="Descriptive Name" slicecount="1" values="Output">
   </PIN>
   <BOUNDS type="Box" left="2292" top="4004" width="750" height="240">
   </BOUNDS>
   <BOUNDS type="Node" left="2292" top="4004" width="750" height="240">
   </BOUNDS>
   </NODE>
   <LINK srcnodeid="3" srcpinname="Output" dstnodeid="7" dstpinname="Y Input Value">
   </LINK>
   <BOUNDS type="Window" left="24228" top="4632" width="6708" height="5004">
   </BOUNDS>
   <PACK Name="dx11" Version="1.3.1">
   </PACK>
   <PACK Name="dx11.particles" Version="1.0.6">
   </PACK>
   <PACK Name="vvvv-Message" Version="2.9.10">
   </PACK>
   <PACK Name="addonpack" Version="39.0.0">
   </PACK>
   <NODE nodename="IOBox (Value Advanced)" componentmode="InABox" id="8">
   <BOUNDS type="Box" left="2748" top="528" width="792" height="240">
   </BOUNDS>
   <BOUNDS type="Node" left="2748" top="528" width="0" height="0">
   </BOUNDS>
   <PIN pinname="Y Input Value" slicecount="1" visible="1" values="1">
   </PIN>
   <PIN pinname="Units" slicecount="1" values="s">
   </PIN>
   <PIN pinname="Precision" slicecount="1" values="4">
   </PIN>
   <PIN pinname="Descriptive Name" slicecount="1" values="|Reconnection Time|">
   </PIN>
   </NODE>
   <LINK srcnodeid="8" srcpinname="Y Output Value" dstnodeid="1" dstpinname="Time">
   </LINK>
   </PATCH>