<!DOCTYPE PATCH  SYSTEM "http://vvvv.org/versions/vvvv50beta42.dtd" >
   <PATCH nodename="C:\Users\Francesco\Downloads\wetransfer_nuova-regia-mobile-corpomemory-8_2022-10-18_1221\nuova REGIA MOBILE CORPOMEMORY 8\modules\SoundGUI_Multiple.v4p" systemname="SoundGUI_Multiple" filename="C:\Users\Kamome\Documents\ws-demo\ws-vvvv-platform\.vvvv\modules\SoundGUI_Multiple.v4p" scrollx="1425" scrolly="0">
   <NODE systemname="Transform (Transform 2d)" nodename="Transform (Transform 2d)" componentmode="Hidden" id="0">
   <BOUNDS type="Node" left="3036" top="8157" width="100" height="100">
   </BOUNDS>
   <PIN pinname="Transform Out" visible="1">
   </PIN>
   <PIN pinname="ScaleX" visible="1">
   </PIN>
   <PIN pinname="ScaleY" visible="1">
   </PIN>
   <PIN pinname="TranslateX" slicecount="1" visible="1" values="-0.59">
   </PIN>
   <PIN pinname="TranslateY" slicecount="1" visible="1" values="-0.06">
   </PIN>
   <PIN pinname="Transform In" visible="1" slicecount="1" values="||">
   </PIN>
   </NODE>
   <NODE nodename="IOBox (Value Advanced)" componentmode="InABox" id="1" systemname="IOBox (Value Advanced)">
   <BOUNDS type="Box" left="3792" top="7605" width="792" height="240">
   </BOUNDS>
   <BOUNDS type="Node" left="3792" top="7605" width="0" height="0">
   </BOUNDS>
   <PIN pinname="Y Input Value" slicecount="1" visible="1" values="0.28">
   </PIN>
   <PIN pinname="Units" slicecount="1" values="||">
   </PIN>
   <PIN pinname="Precision" slicecount="1" values="4">
   </PIN>
   <PIN pinname="Y Output Value" visible="1">
   </PIN>
   </NODE>
   <NODE systemname="Text (DX11.Layer)" filename="%VVVV%\packs\dx11\nodes\plugins\text\VVVV.DX11.Nodes.Text.dll" nodename="Text (DX11.Layer)" componentmode="Hidden" id="2">
   <BOUNDS type="Node" left="2745" top="9072" width="100" height="100">
   </BOUNDS>
   <BOUNDS type="Box" left="2745" top="9072" width="2400" height="2400">
   </BOUNDS>
   <PIN pinname="Layer" visible="1">
   </PIN>
   <PIN pinname="Transform" visible="1">
   </PIN>
   <PIN pinname="Color" visible="1" slicecount="1" values="|1.00000,1.00000,1.00000,1.00000|">
   </PIN>
   <PIN pinname="Text" visible="1">
   </PIN>
   <PIN pinname="Transform In" visible="1">
   </PIN>
   <PIN pinname="String" visible="1" slicecount="1" values="|Split&cr;&lf;Output|">
   </PIN>
   <PIN pinname="Font" slicecount="1" values="Arial">
   </PIN>
   <PIN pinname="Size" slicecount="1" values="150">
   </PIN>
   </NODE>
   <NODE systemname="RadioButton (GUI)" filename="%VVVV%\addonpack\lib\nodes\plugins\Gui2d.dll" nodename="RadioButton (GUI)" componentmode="Hidden" id="3">
   <BOUNDS type="Node" left="5175" top="4605" width="100" height="100">
   </BOUNDS>
   <BOUNDS type="Box" left="5175" top="4605" width="3000" height="3000">
   </BOUNDS>
   <PIN pinname="Transform Out" visible="1">
   </PIN>
   <PIN pinname="CountXY" visible="1">
   </PIN>
   <PIN pinname="Internal Value" slicecount="2" values="0,0">
   </PIN>
   <PIN pinname="Color" visible="1" slicecount="1" values="|0.20000,0.20000,0.20000,1.00000|">
   </PIN>
   <PIN pinname="Mouse" visible="1" slicecount="1" values="||">
   </PIN>
   <PIN pinname="Hit" visible="1">
   </PIN>
   <PIN pinname="SizeXY" slicecount="2" visible="1" values="0.29,0.29">
   </PIN>
   <PIN pinname="Transform In" visible="1" slicecount="1" values="||">
   </PIN>
   <PIN pinname="Mouse Over" visible="1">
   </PIN>
   </NODE>
   <NODE systemname="Segment (DX11.Geometry)" filename="%VVVV%\packs\dx11\nodes\plugins\base\VVVV.DX11.Nodes.dll" nodename="Segment (DX11.Geometry)" componentmode="Hidden" id="4">
   <BOUNDS type="Node" left="4740" top="10185" width="100" height="100">
   </BOUNDS>
   <BOUNDS type="Box" left="4740" top="10185" width="3000" height="3000">
   </BOUNDS>
   <PIN pinname="Geometry Out" visible="1">
   </PIN>
   <PIN pinname="Resolution" slicecount="1" values="4">
   </PIN>
   </NODE>
   <NODE systemname="Constant (DX11.Effect)" filename="%VVVV%\packs\dx11\nodes\dx11\Constant.fx" nodename="Constant (DX11.Effect)" componentmode="Hidden" id="5">
   <BOUNDS type="Node" left="4395" top="10800" width="100" height="100">
   </BOUNDS>
   <PIN pinname="Geometry" visible="1">
   </PIN>
   <PIN pinname="Layer" visible="1">
   </PIN>
   <PIN pinname="Transform In" visible="1">
   </PIN>
   <PIN pinname="Color" visible="1">
   </PIN>
   </NODE>
   <NODE systemname="Rotate (Transform)" nodename="Rotate (Transform)" componentmode="Hidden" id="6">
   <BOUNDS type="Node" left="5475" top="6930" width="100" height="100">
   </BOUNDS>
   <PIN pinname="Transform In" visible="1">
   </PIN>
   <PIN pinname="Transform Out" visible="1">
   </PIN>
   <PIN pinname="Y" visible="1" slicecount="1" values="0">
   </PIN>
   <PIN pinname="Z" visible="1">
   </PIN>
   </NODE>
   <NODE nodename="IOBox (Value Advanced)" componentmode="InABox" id="7" systemname="IOBox (Value Advanced)">
   <BOUNDS type="Box" left="6030" top="6120" width="795" height="480">
   </BOUNDS>
   <BOUNDS type="Node" left="6030" top="6120" width="0" height="0">
   </BOUNDS>
   <PIN pinname="Y Input Value" slicecount="2" visible="1" values="0.5,0">
   </PIN>
   <PIN pinname="Units" slicecount="1" values="||">
   </PIN>
   <PIN pinname="Precision" slicecount="1" values="4">
   </PIN>
   <PIN pinname="Rows" slicecount="1" values="2">
   </PIN>
   <PIN pinname="Vector Size" slicecount="1" values="2">
   </PIN>
   <PIN pinname="Default" slicecount="1" values="|0, 0|">
   </PIN>
   <PIN pinname="Y Output Value" visible="1">
   </PIN>
   </NODE>
   <NODE nodename="IOBox (Value Advanced)" componentmode="InABox" id="8" systemname="IOBox (Value Advanced)">
   <BOUNDS type="Box" left="5625" top="3630" width="795" height="480">
   </BOUNDS>
   <BOUNDS type="Node" left="5625" top="3630" width="0" height="0">
   </BOUNDS>
   <PIN pinname="Y Input Value" slicecount="2" visible="1" values="2,1">
   </PIN>
   <PIN pinname="Units" slicecount="1" values="||">
   </PIN>
   <PIN pinname="Precision" slicecount="1" values="4">
   </PIN>
   <PIN pinname="Value Type" slicecount="1" values="Integer">
   </PIN>
   <PIN pinname="Vector Size" slicecount="1" values="2">
   </PIN>
   <PIN pinname="Rows" slicecount="1" values="2">
   </PIN>
   </NODE>
   <NODE systemname="TogEdge (Animation)" nodename="TogEdge (Animation)" componentmode="Hidden" id="9">
   <BOUNDS type="Node" left="5580" top="9150" width="100" height="100">
   </BOUNDS>
   <PIN pinname="Input" visible="1" slicecount="1" values="0">
   </PIN>
   <PIN pinname="Up Edge" visible="1">
   </PIN>
   </NODE>
   <NODE systemname="InputMorph (Color)" nodename="InputMorph (Color)" componentmode="Hidden" id="10">
   <BOUNDS type="Node" left="5700" top="10086" width="100" height="100">
   </BOUNDS>
   <PIN pinname="Switch" visible="1">
   </PIN>
   <PIN pinname="Input 1" visible="1" slicecount="1" values="|0.20000,0.20000,0.20000,1.00000|">
   </PIN>
   <PIN pinname="Output" visible="1">
   </PIN>
   <PIN pinname="Input 2" slicecount="1" visible="1" values="|1.00000,1.00000,1.00000,1.00000|">
   </PIN>
   </NODE>
   <NODE systemname="Decay (Animation)" nodename="Decay (Animation)" componentmode="Hidden" id="11">
   <BOUNDS type="Node" left="5640" top="9618" width="100" height="100">
   </BOUNDS>
   <PIN pinname="Input" visible="1">
   </PIN>
   <PIN pinname="Decay" slicecount="1" values="0.25">
   </PIN>
   <PIN pinname="Output" visible="1">
   </PIN>
   </NODE>
   <NODE nodename="IOBox (Color)" componentmode="InABox" id="12" systemname="IOBox (Color)">
   <BOUNDS type="Box" left="7056" top="9666" width="300" height="240">
   </BOUNDS>
   <BOUNDS type="Node" left="7056" top="9666" width="0" height="0">
   </BOUNDS>
   <PIN pinname="Color Input" slicecount="1" visible="1" values="|1.00000,1.00000,1.00000,1.00000|">
   </PIN>
   </NODE>
   <NODE nodename="IOBox (Color)" componentmode="InABox" id="13" systemname="IOBox (Color)">
   <BOUNDS type="Box" left="6624" top="9654" width="300" height="240">
   </BOUNDS>
   <BOUNDS type="Node" left="6624" top="9654" width="0" height="0">
   </BOUNDS>
   <PIN pinname="Color Input" slicecount="1" visible="1" values="|0.20000,0.20000,0.20000,1.00000|">
   </PIN>
   <PIN pinname="Color Output" visible="1">
   </PIN>
   </NODE>
   <NODE nodename="IOBox (Value Advanced)" componentmode="InABox" id="14" systemname="IOBox (Value Advanced)">
   <BOUNDS type="Box" left="5235" top="1500" width="795" height="240">
   </BOUNDS>
   <BOUNDS type="Node" left="5235" top="1500" width="0" height="0">
   </BOUNDS>
   <PIN pinname="Y Input Value" slicecount="1" visible="1" values="0.5">
   </PIN>
   <PIN pinname="Units" slicecount="1" values="||">
   </PIN>
   <PIN pinname="Precision" slicecount="1" values="4">
   </PIN>
   <PIN pinname="Y Output Value" visible="1">
   </PIN>
   <PIN pinname="Descriptive Name" slicecount="1" values="X">
   </PIN>
   </NODE>
   <NODE systemname="Vector (2d Join)" nodename="Vector (2d Join)" componentmode="Hidden" id="15">
   <BOUNDS type="Node" left="4260" top="2625" width="100" height="100">
   </BOUNDS>
   <PIN pinname="X" visible="1" slicecount="1" values="0.15">
   </PIN>
   <PIN pinname="Y" visible="1">
   </PIN>
   <PIN pinname="XY" visible="1">
   </PIN>
   </NODE>
   <NODE systemname="Divide (Value)" nodename="Divide (Value)" componentmode="Hidden" id="16">
   <BOUNDS type="Node" left="4305" top="2205" width="100" height="100">
   </BOUNDS>
   <PIN pinname="Input 2" visible="1">
   </PIN>
   <PIN pinname="Output" visible="1">
   </PIN>
   <PIN pinname="Input" slicecount="1" visible="1" values="0.23">
   </PIN>
   </NODE>
   <NODE nodename="IOBox (Value Advanced)" componentmode="InABox" id="17" systemname="IOBox (Value Advanced)">
   <BOUNDS type="Box" left="4275" top="1545" width="795" height="240">
   </BOUNDS>
   <BOUNDS type="Node" left="4275" top="1545" width="0" height="0">
   </BOUNDS>
   <PIN pinname="Y Input Value" slicecount="1" visible="1" values="0.15">
   </PIN>
   <PIN pinname="Units" slicecount="1" values="||">
   </PIN>
   <PIN pinname="Precision" slicecount="1" values="4">
   </PIN>
   <PIN pinname="Y Output Value" visible="1">
   </PIN>
   <PIN pinname="Descriptive Name" slicecount="1" values="Y">
   </PIN>
   </NODE>
   <NODE systemname="Counter (Animation)" nodename="Counter (Animation)" componentmode="Hidden" id="18">
   <BOUNDS type="Node" left="8625" top="10470" width="100" height="100">
   </BOUNDS>
   <PIN pinname="Output" visible="1">
   </PIN>
   <PIN pinname="Down" visible="1" slicecount="1" values="0">
   </PIN>
   <PIN pinname="Up" visible="1">
   </PIN>
   <PIN pinname="Mode" slicecount="1" values="Clamp">
   </PIN>
   <PIN pinname="Reset" slicecount="1" visible="1" values="0">
   </PIN>
   <PIN pinname="Minimum" slicecount="1" values="1">
   </PIN>
   <PIN pinname="Maximum" visible="1">
   </PIN>
   </NODE>
   <NODE systemname="Text (DX11.Layer)" filename="%VVVV%\packs\dx11\nodes\plugins\text\VVVV.DX11.Nodes.Text.dll" nodename="Text (DX11.Layer)" componentmode="Hidden" id="19">
   <BOUNDS type="Node" left="8880" top="11715" width="100" height="100">
   </BOUNDS>
   <BOUNDS type="Box" left="8880" top="11715" width="3000" height="3000">
   </BOUNDS>
   <PIN pinname="String" visible="1">
   </PIN>
   <PIN pinname="Font" slicecount="1" values="Arial">
   </PIN>
   <PIN pinname="Layer" visible="1">
   </PIN>
   <PIN pinname="Transform In" visible="1">
   </PIN>
   <PIN pinname="Size" slicecount="1" values="48">
   </PIN>
   </NODE>
   <NODE systemname="AsString (Value)" nodename="AsString (Value)" componentmode="Hidden" id="20">
   <BOUNDS type="Node" left="8895" top="11100" width="100" height="100">
   </BOUNDS>
   <PIN pinname="Input" visible="1">
   </PIN>
   <PIN pinname="SubType" slicecount="1" values="|Integer (0 .. MaxInt)|">
   </PIN>
   <PIN pinname="Output" visible="1">
   </PIN>
   </NODE>
   <NODE systemname="Scale (Transform)" nodename="Scale (Transform)" componentmode="Hidden" id="21">
   <BOUNDS type="Node" left="4770" top="3240" width="100" height="100">
   </BOUNDS>
   <PIN pinname="Transform Out" visible="1">
   </PIN>
   <PIN pinname="ScaleX" slicecount="1" visible="1" values="0.15">
   </PIN>
   <PIN pinname="X" visible="1">
   </PIN>
   <PIN pinname="Transform In" visible="1">
   </PIN>
   </NODE>
   <NODE systemname="Vector (2d Split)" nodename="Vector (2d Split)" componentmode="Hidden" id="22">
   <BOUNDS type="Node" left="8160" top="6750" width="100" height="100">
   </BOUNDS>
   <PIN pinname="XY" visible="1">
   </PIN>
   <PIN pinname="X" visible="1">
   </PIN>
   <PIN pinname="Y" visible="1">
   </PIN>
   </NODE>
   <NODE systemname="Transform (Transform 2d)" nodename="Transform (Transform 2d)" componentmode="Hidden" id="23">
   <BOUNDS type="Node" left="9195" top="9945" width="100" height="100">
   </BOUNDS>
   <PIN pinname="Transform Out" visible="1">
   </PIN>
   <PIN pinname="Transform In" visible="1" slicecount="1" values="||">
   </PIN>
   </NODE>
   <NODE systemname="TogEdge (Animation)" nodename="TogEdge (Animation)" componentmode="Hidden" id="25">
   <BOUNDS type="Node" left="8085" top="6300" width="100" height="100">
   </BOUNDS>
   <PIN pinname="Input" visible="1">
   </PIN>
   <PIN pinname="Up Edge" visible="1">
   </PIN>
   </NODE>
   <NODE systemname="AND (Boolean)" nodename="AND (Boolean)" componentmode="Hidden" id="26">
   <BOUNDS type="Node" left="9405" top="6555" width="100" height="100">
   </BOUNDS>
   <PIN pinname="Input 1" visible="1">
   </PIN>
   <PIN pinname="Input 2" visible="1">
   </PIN>
   <PIN pinname="Output" visible="1">
   </PIN>
   </NODE>
   <NODE systemname="OR (Boolean Spectral)" nodename="OR (Boolean Spectral)" componentmode="Hidden" id="27">
   <BOUNDS type="Node" left="9630" top="7020" width="100" height="100">
   </BOUNDS>
   <PIN pinname="Input" visible="1">
   </PIN>
   <PIN pinname="Output" visible="1">
   </PIN>
   </NODE>
   <NODE id="28" systemname="IOBox (Node)" componentmode="InABox" nodename="IOBox (Node)">
   <PIN pinname="Descriptive Name" slicecount="1" values="|Transform In|">
   </PIN>
   <BOUNDS type="Box" left="1500" top="500" width="750" height="240">
   </BOUNDS>
   <BOUNDS type="Node" left="1500" top="500" width="750" height="240">
   </BOUNDS>
   <PIN pinname="Output Node" visible="1">
   </PIN>
   </NODE>
   <LINK srcnodeid="0" srcpinname="Transform Out" dstnodeid="2" dstpinname="Transform In">
   </LINK>
   <NODE id="29" systemname="IOBox (Color)" componentmode="InABox" nodename="IOBox (Color)">
   <PIN pinname="Descriptive Name" slicecount="1" values="Color">
   </PIN>
   <BOUNDS type="Box" left="2760" top="320" width="750" height="240">
   </BOUNDS>
   <BOUNDS type="Node" left="2760" top="320" width="750" height="240">
   </BOUNDS>
   </NODE>
   <LINK srcnodeid="29" srcpinname="Color Output" dstnodeid="2" dstpinname="Color">
   </LINK>
   <NODE id="30" systemname="IOBox (Node)" componentmode="InABox" nodename="IOBox (Node)">
   <PIN pinname="Descriptive Name" slicecount="1" values="Layer">
   </PIN>
   <BOUNDS type="Box" left="2745" top="10695" width="750" height="240">
   </BOUNDS>
   <BOUNDS type="Node" left="2745" top="10695" width="750" height="240">
   </BOUNDS>
   </NODE>
   <LINK srcnodeid="2" srcpinname="Layer" dstnodeid="30" dstpinname="Input Node">
   </LINK>
   <LINK srcnodeid="1" srcpinname="Y Output Value" dstnodeid="0" dstpinname="ScaleX">
   </LINK>
   <LINK srcnodeid="1" srcpinname="Y Output Value" dstnodeid="0" dstpinname="ScaleY">
   </LINK>
   <LINK srcnodeid="16" srcpinname="Output" dstnodeid="15" dstpinname="X">
   </LINK>
   <LINK srcnodeid="17" srcpinname="Y Output Value" dstnodeid="15" dstpinname="Y">
   </LINK>
   <LINK srcnodeid="17" srcpinname="Y Output Value" dstnodeid="16" dstpinname="Input">
   </LINK>
   <LINK srcnodeid="14" srcpinname="Y Output Value" dstnodeid="16" dstpinname="Input 2">
   </LINK>
   <LINK srcnodeid="14" srcpinname="Y Output Value" dstnodeid="21" dstpinname="X">
   </LINK>
   <LINK srcnodeid="4" srcpinname="Geometry Out" dstnodeid="5" dstpinname="Geometry">
   </LINK>
   <LINK srcnodeid="6" srcpinname="Transform Out" dstnodeid="5" dstpinname="Transform In">
   </LINK>
   <LINK srcnodeid="10" srcpinname="Output" dstnodeid="5" dstpinname="Color">
   </LINK>
   <NODE id="32" systemname="IOBox (Node)" componentmode="InABox" nodename="IOBox (Node)">
   <PIN pinname="Descriptive Name" slicecount="1" values="|Layer 1|">
   </PIN>
   <BOUNDS type="Box" left="4395" top="11400" width="750" height="240">
   </BOUNDS>
   <BOUNDS type="Node" left="4395" top="11400" width="750" height="240">
   </BOUNDS>
   </NODE>
   <LINK srcnodeid="5" srcpinname="Layer" dstnodeid="32" dstpinname="Input Node">
   </LINK>
   <LINK srcnodeid="21" srcpinname="Transform Out" dstnodeid="3" dstpinname="Transform In">
   </LINK>
   <LINK srcnodeid="8" srcpinname="Y Output Value" dstnodeid="3" dstpinname="CountXY">
   </LINK>
   <LINK srcnodeid="15" srcpinname="XY" dstnodeid="3" dstpinname="SizeXY">
   </LINK>
   <NODE id="33" systemname="IOBox (Node)" componentmode="InABox" nodename="IOBox (Node)">
   <PIN pinname="Descriptive Name" slicecount="1" values="Mouse">
   </PIN>
   <BOUNDS type="Box" left="5175" top="500" width="750" height="240">
   </BOUNDS>
   <BOUNDS type="Node" left="5175" top="500" width="750" height="240">
   </BOUNDS>
   </NODE>
   <LINK srcnodeid="33" srcpinname="Output Node" dstnodeid="3" dstpinname="Mouse">
   </LINK>
   <LINK srcnodeid="3" srcpinname="Transform Out" dstnodeid="6" dstpinname="Transform In">
   </LINK>
   <LINK srcnodeid="7" srcpinname="Y Output Value" dstnodeid="6" dstpinname="Z">
   </LINK>
   <LINK srcnodeid="3" srcpinname="Hit" dstnodeid="9" dstpinname="Input">
   </LINK>
   <LINK srcnodeid="9" srcpinname="Up Edge" dstnodeid="11" dstpinname="Input">
   </LINK>
   <LINK srcnodeid="11" srcpinname="Output" dstnodeid="10" dstpinname="Switch">
   </LINK>
   <LINK srcnodeid="13" srcpinname="Color Output" dstnodeid="10" dstpinname="Input 1">
   </LINK>
   <LINK srcnodeid="12" srcpinname="Color Output" dstnodeid="10" dstpinname="Input 2">
   </LINK>
   <LINK srcnodeid="3" srcpinname="Hit" dstnodeid="25" dstpinname="Input">
   </LINK>
   <LINK srcnodeid="25" srcpinname="Up Edge" dstnodeid="22" dstpinname="XY">
   </LINK>
   <LINK srcnodeid="27" srcpinname="Output" dstnodeid="18" dstpinname="Reset">
   </LINK>
   <LINK srcnodeid="20" srcpinname="Output" dstnodeid="19" dstpinname="String">
   </LINK>
   <LINK srcnodeid="23" srcpinname="Transform Out" dstnodeid="19" dstpinname="Transform In">
   </LINK>
   <NODE id="34" systemname="IOBox (Node)" componentmode="InABox" nodename="IOBox (Node)">
   <PIN pinname="Descriptive Name" slicecount="1" values="|Layer 2|">
   </PIN>
   <BOUNDS type="Box" left="8880" top="12435" width="750" height="240">
   </BOUNDS>
   <BOUNDS type="Node" left="8880" top="12435" width="750" height="240">
   </BOUNDS>
   </NODE>
   <LINK srcnodeid="19" srcpinname="Layer" dstnodeid="34" dstpinname="Input Node">
   </LINK>
   <LINK srcnodeid="18" srcpinname="Output" dstnodeid="20" dstpinname="Input">
   </LINK>
   <LINK srcnodeid="3" srcpinname="Mouse Over" dstnodeid="26" dstpinname="Input 1">
   </LINK>
   <NODE id="35" systemname="IOBox (Value Advanced)" componentmode="InABox" nodename="IOBox (Value Advanced)">
   <PIN pinname="Descriptive Name" slicecount="1" values="|Input 2|">
   </PIN>
   <BOUNDS type="Box" left="9405" top="500" width="750" height="240">
   </BOUNDS>
   <BOUNDS type="Node" left="9405" top="500" width="750" height="240">
   </BOUNDS>
   </NODE>
   <LINK srcnodeid="35" srcpinname="Y Output Value" dstnodeid="26" dstpinname="Input 2">
   </LINK>
   <LINK srcnodeid="26" srcpinname="Output" dstnodeid="27" dstpinname="Input">
   </LINK>
   <BOUNDS type="Window" left="8955" top="2895" width="11220" height="11685">
   </BOUNDS>
   <PACK Name="dx11" Version="1.3.1">
   </PACK>
   <PACK Name="dx11.particles" Version="1.0.7">
   </PACK>
   <PACK Name="vvvv-Message" Version="2.9.10">
   </PACK>
   <PACK Name="addonpack" Version="42.0.0">
   </PACK>
   <LINK srcnodeid="28" srcpinname="Output Node" dstnodeid="0" dstpinname="Transform In">
   </LINK>
   <LINK srcnodeid="22" srcpinname="Y" dstnodeid="18" dstpinname="Up">
   </LINK>
   <NODE systemname="Translate (Transform)" nodename="Translate (Transform)" componentmode="Hidden" id="40">
   <BOUNDS type="Node" left="4065" top="4830" width="100" height="100">
   </BOUNDS>
   <PIN pinname="Transform In" visible="1" slicecount="1" values="||">
   </PIN>
   <PIN pinname="Transform Out" visible="1">
   </PIN>
   <PIN pinname="X" slicecount="1" values="-0.59">
   </PIN>
   <PIN pinname="Y" slicecount="1" values="-0.32">
   </PIN>
   </NODE>
   <LINK srcnodeid="40" srcpinname="Transform Out" dstnodeid="23" dstpinname="Transform In">
   </LINK>
   <LINK srcnodeid="28" srcpinname="Output Node" dstnodeid="40" dstpinname="Transform In">
   </LINK>
   <LINK srcnodeid="40" srcpinname="Transform Out" dstnodeid="21" dstpinname="Transform In">
   </LINK>
   <NODE nodename="IOBox (Value Advanced)" componentmode="InABox" id="41">
   <BOUNDS type="Box" left="8610" top="13290" width="795" height="240">
   </BOUNDS>
   <BOUNDS type="Node" left="8610" top="13290" width="0" height="0">
   </BOUNDS>
   <PIN pinname="Units" slicecount="1" values="||">
   </PIN>
   <PIN pinname="Precision" slicecount="1" values="4">
   </PIN>
   <PIN pinname="Value Type" slicecount="1" values="Integer">
   </PIN>
   <PIN pinname="Descriptive Name" slicecount="1" values="|Voice numbers|">
   </PIN>
   </NODE>
   <LINK srcnodeid="18" srcpinname="Output" dstnodeid="41" dstpinname="Y Input Value">
   </LINK>
   <NODE nodename="IOBox (Value Advanced)" componentmode="InABox" id="43">
   <BOUNDS type="Box" left="9240" top="4185" width="795" height="240">
   </BOUNDS>
   <BOUNDS type="Node" left="9240" top="4185" width="0" height="0">
   </BOUNDS>
   <PIN pinname="Y Input Value" slicecount="1" visible="1" values="15">
   </PIN>
   <PIN pinname="Units" slicecount="1" values="||">
   </PIN>
   <PIN pinname="Precision" slicecount="1" values="4">
   </PIN>
   <PIN pinname="Value Type" slicecount="1" values="Integer">
   </PIN>
   <PIN pinname="Descriptive Name" slicecount="1" values="Max">
   </PIN>
   </NODE>
   <LINK srcnodeid="43" srcpinname="Y Output Value" dstnodeid="18" dstpinname="Maximum">
   </LINK>
   <LINK srcnodeid="22" srcpinname="X" dstnodeid="18" dstpinname="Down">
   </LINK>
   <NODE nodename="IOBox (Color)" componentmode="InABox" id="44">
   <BOUNDS type="Box" left="7215" top="8535" width="2250" height="480">
   </BOUNDS>
   <BOUNDS type="Node" left="7215" top="8535" width="0" height="0">
   </BOUNDS>
   <PIN pinname="Color Input" slicecount="1" visible="1" values="|1.00000,1.00000,1.00000,1.00000|">
   </PIN>
   <PIN pinname="Descriptive Name" slicecount="1" values="|Color UI|">
   </PIN>
   </NODE>
   <LINK srcnodeid="44" srcpinname="Color Output" dstnodeid="12" dstpinname="Color Input">
   </LINK>
   <PACK Name="mp.essentials" Version="3.1.31.0">
   </PACK>
   <PACK Name="mp.dx" Version="3.1.4.0">
   </PACK>
   </PATCH>