<!DOCTYPE PATCH  SYSTEM "http://vvvv.org/versions/vvvv50beta39.dtd" >
   <PATCH nodename="C:\Users\Kamome\Documents\ws-demo\ws-vvvv-platform\.vvvv\modules\SoundGUI_Global.v4p" systemname="SoundGUI_Global" filename="C:\Users\Kamome\Documents\ws-demo\ws-vvvv-platform\.vvvv\modules\SoundGUI_Global.v4p" scrollx="4380" scrolly="4710">
   <NODE systemname="ToggleButton (GUI)" filename="%VVVV%\addonpack\lib\nodes\plugins\Gui2d.dll" nodename="ToggleButton (GUI)" componentmode="Hidden" id="0">
   <BOUNDS type="Node" left="1500" top="4128" width="100" height="100">
   </BOUNDS>
   <BOUNDS type="Box" left="1500" top="4128" width="2400" height="2400">
   </BOUNDS>
   <PIN pinname="Internal Value" slicecount="2" values="0,0">
   </PIN>
   <PIN pinname="Hit" visible="1">
   </PIN>
   <PIN pinname="Active" visible="1">
   </PIN>
   <PIN pinname="Value Output" visible="1">
   </PIN>
   <PIN pinname="Transform Out" visible="1">
   </PIN>
   <PIN pinname="Transform In" visible="1">
   </PIN>
   <PIN pinname="Mouse" visible="1" slicecount="1" values="||">
   </PIN>
   <PIN pinname="Color" visible="1" slicecount="1" values="|0.20000,0.20000,0.20000,1.00000|">
   </PIN>
   </NODE>
   <NODE systemname="Transform (Transform 2d)" nodename="Transform (Transform 2d)" componentmode="Hidden" id="2">
   <BOUNDS type="Node" left="3792" top="2796" width="100" height="100">
   </BOUNDS>
   <PIN pinname="Transform Out" visible="1">
   </PIN>
   <PIN pinname="TranslateX" slicecount="1" values="0.73">
   </PIN>
   <PIN pinname="ScaleX" visible="1">
   </PIN>
   <PIN pinname="ScaleY" visible="1">
   </PIN>
   <PIN pinname="TranslateY" slicecount="1" visible="1" values="-0.59">
   </PIN>
   <PIN pinname="Transform In" visible="1" slicecount="1" values="||">
   </PIN>
   </NODE>
   <NODE nodename="IOBox (Value Advanced)" componentmode="InABox" id="3" systemname="IOBox (Value Advanced)">
   <BOUNDS type="Box" left="4308" top="2172" width="792" height="240">
   </BOUNDS>
   <BOUNDS type="Node" left="4308" top="2172" width="0" height="0">
   </BOUNDS>
   <PIN pinname="Y Input Value" slicecount="1" visible="1" values="0.36">
   </PIN>
   <PIN pinname="Units" slicecount="1" values="||">
   </PIN>
   <PIN pinname="Precision" slicecount="1" values="4">
   </PIN>
   <PIN pinname="Y Output Value" visible="1">
   </PIN>
   </NODE>
   <NODE systemname="TogEdge (Animation)" nodename="TogEdge (Animation)" componentmode="Hidden" id="4">
   <BOUNDS type="Node" left="2496" top="5220" width="100" height="100">
   </BOUNDS>
   <PIN pinname="Input" visible="1" slicecount="1" values="0">
   </PIN>
   <PIN pinname="Up Edge" visible="1">
   </PIN>
   </NODE>
   <NODE systemname="Transform (Transform 2d)" nodename="Transform (Transform 2d)" componentmode="Hidden" id="7">
   <BOUNDS type="Node" left="3816" top="7656" width="100" height="100">
   </BOUNDS>
   <PIN pinname="Transform In" visible="1">
   </PIN>
   <PIN pinname="Transform Out" visible="1">
   </PIN>
   <PIN pinname="ScaleX" visible="1">
   </PIN>
   <PIN pinname="ScaleY" visible="1">
   </PIN>
   </NODE>
   <NODE nodename="IOBox (Value Advanced)" componentmode="InABox" id="8" systemname="IOBox (Value Advanced)">
   <BOUNDS type="Box" left="4344" top="7116" width="792" height="240">
   </BOUNDS>
   <BOUNDS type="Node" left="4344" top="7116" width="0" height="0">
   </BOUNDS>
   <PIN pinname="Y Input Value" slicecount="1" visible="1" values="0.65">
   </PIN>
   <PIN pinname="Units" slicecount="1" values="||">
   </PIN>
   <PIN pinname="Precision" slicecount="1" values="4">
   </PIN>
   <PIN pinname="Y Output Value" visible="1">
   </PIN>
   <PIN pinname="X Input Value" slicecount="1" values="1">
   </PIN>
   </NODE>
   <NODE nodename="IOBox (Color)" componentmode="InABox" id="9" systemname="IOBox (Color)">
   <BOUNDS type="Box" left="3600" top="5640" width="300" height="240">
   </BOUNDS>
   <BOUNDS type="Node" left="3600" top="5640" width="0" height="0">
   </BOUNDS>
   <PIN pinname="Color Input" slicecount="1" visible="1" values="|0.20000,0.20000,0.20000,1.00000|">
   </PIN>
   <PIN pinname="Color Output" visible="1">
   </PIN>
   </NODE>
   <NODE systemname="InputMorph (Color)" nodename="InputMorph (Color)" componentmode="Hidden" id="10">
   <BOUNDS type="Node" left="2616" top="6324" width="100" height="100">
   </BOUNDS>
   <PIN pinname="Switch" visible="1">
   </PIN>
   <PIN pinname="Input 1" visible="1">
   </PIN>
   <PIN pinname="Output" visible="1">
   </PIN>
   <PIN pinname="Input 2" slicecount="1" visible="1" values="|1.00000,1.00000,1.00000,1.00000|">
   </PIN>
   </NODE>
   <NODE systemname="Decay (Animation)" nodename="Decay (Animation)" componentmode="Hidden" id="11">
   <BOUNDS type="Node" left="2556" top="5856" width="100" height="100">
   </BOUNDS>
   <PIN pinname="Input" visible="1">
   </PIN>
   <PIN pinname="Decay" slicecount="1" values="0.25">
   </PIN>
   <PIN pinname="Output" visible="1">
   </PIN>
   </NODE>
   <NODE nodename="IOBox (Value Advanced)" componentmode="InABox" id="12" systemname="IOBox (Value Advanced)">
   <BOUNDS type="Box" left="4176" top="1500" width="795" height="480">
   </BOUNDS>
   <BOUNDS type="Node" left="4176" top="1500" width="0" height="0">
   </BOUNDS>
   <PIN pinname="Y Input Value" slicecount="2" visible="1" values="0.38,0.74">
   </PIN>
   <PIN pinname="Units" slicecount="1" values="||">
   </PIN>
   <PIN pinname="Precision" slicecount="1" values="4">
   </PIN>
   <PIN pinname="Rows" slicecount="1" values="2">
   </PIN>
   <PIN pinname="Vector Size" slicecount="1" values="2">
   </PIN>
   <PIN pinname="Default" slicecount="1" values="|0, 0|">
   </PIN>
   </NODE>
   <NODE nodename="IOBox (String)" componentmode="InABox" id="13" systemname="IOBox (String)">
   <BOUNDS type="Box" left="5316" top="7284" width="660" height="612">
   </BOUNDS>
   <BOUNDS type="Node" left="5316" top="7284" width="0" height="0">
   </BOUNDS>
   <PIN pinname="Input String" slicecount="2" visible="1" values="Stop,Debug">
   </PIN>
   <PIN pinname="Default" slicecount="1" values="vvvv">
   </PIN>
   <PIN pinname="File Mask" slicecount="1" values="||">
   </PIN>
   <PIN pinname="Maximum Characters" slicecount="1" values="-1">
   </PIN>
   <PIN pinname="Rows" slicecount="1" values="2">
   </PIN>
   <PIN pinname="SliceCount Mode" slicecount="1" values="ColsRowsPages">
   </PIN>
   <PIN pinname="Output String" visible="1">
   </PIN>
   </NODE>
   <NODE systemname="GetSlice (Color)" nodename="GetSlice (Color)" componentmode="Hidden" id="14">
   <BOUNDS type="Node" left="2256" top="6804" width="100" height="100">
   </BOUNDS>
   <PIN pinname="Input" visible="1">
   </PIN>
   <PIN pinname="Index" slicecount="1" values="1">
   </PIN>
   <PIN pinname="Output" visible="1">
   </PIN>
   </NODE>
   <NODE systemname="Cons (Color)" filename="%VVVV%\lib\nodes\plugins\VVVV.Nodes.dll" nodename="Cons (Color)" componentmode="Hidden" id="15">
   <BOUNDS type="Node" left="2652" top="7560" width="100" height="100">
   </BOUNDS>
   <BOUNDS type="Box" left="2652" top="7560" width="2400" height="2400">
   </BOUNDS>
   <PIN pinname="Input 1" visible="1" slicecount="1" values="|1.00000,1.00000,1.00000,1.00000|">
   </PIN>
   <PIN pinname="Input 2" visible="1">
   </PIN>
   <PIN pinname="Output" visible="1">
   </PIN>
   </NODE>
   <NODE systemname="Vector (2d Split)" nodename="Vector (2d Split)" componentmode="Hidden" id="16">
   <BOUNDS type="Node" left="2484" top="4764" width="100" height="100">
   </BOUNDS>
   <PIN pinname="XY" visible="1">
   </PIN>
   <PIN pinname="X" visible="1">
   </PIN>
   </NODE>
   <NODE nodename="IOBox (Color)" componentmode="InABox" id="17" systemname="IOBox (Color)">
   <BOUNDS type="Box" left="3972" top="5604" width="300" height="240">
   </BOUNDS>
   <BOUNDS type="Node" left="3972" top="5604" width="0" height="0">
   </BOUNDS>
   <PIN pinname="Color Input" slicecount="1" visible="1" values="|1.00000,1.00000,1.00000,1.00000|">
   </PIN>
   </NODE>
   <LINK srcnodeid="2" srcpinname="Transform Out" dstnodeid="0" dstpinname="Transform In">
   </LINK>
   <NODE id="18" systemname="IOBox (Node)" componentmode="InABox" nodename="IOBox (Node)">
   <PIN pinname="Descriptive Name" slicecount="1" values="Mouse">
   </PIN>
   <BOUNDS type="Box" left="1500" top="500" width="750" height="240">
   </BOUNDS>
   <BOUNDS type="Node" left="1500" top="500" width="750" height="240">
   </BOUNDS>
   </NODE>
   <LINK srcnodeid="18" srcpinname="Output Node" dstnodeid="0" dstpinname="Mouse">
   </LINK>
   <NODE id="19" systemname="IOBox (Value Advanced)" componentmode="InABox" nodename="IOBox (Value Advanced)">
   <PIN pinname="Descriptive Name" slicecount="1" values="|Value Output|">
   </PIN>
   <BOUNDS type="Box" left="624" top="9908" width="750" height="240">
   </BOUNDS>
   <BOUNDS type="Node" left="624" top="9908" width="750" height="240">
   </BOUNDS>
   </NODE>
   <LINK srcnodeid="0" srcpinname="Value Output" dstnodeid="19" dstpinname="Y Input Value">
   </LINK>
   <LINK srcnodeid="0" srcpinname="Color" dstnodeid="14" dstpinname="Input">
   </LINK>
   <NODE id="20" systemname="IOBox (Node)" componentmode="InABox" nodename="IOBox (Node)">
   <PIN pinname="Descriptive Name" slicecount="1" values="Layer">
   </PIN>
   <BOUNDS type="Box" left="1956" top="9848" width="750" height="240">
   </BOUNDS>
   <BOUNDS type="Node" left="1956" top="9848" width="750" height="240">
   </BOUNDS>
   <PIN pinname="Input Node" visible="1">
   </PIN>
   </NODE>
   <LINK srcnodeid="0" srcpinname="Hit" dstnodeid="16" dstpinname="XY">
   </LINK>
   <LINK srcnodeid="16" srcpinname="X" dstnodeid="4" dstpinname="Input">
   </LINK>
   <NODE id="21" systemname="IOBox (Value Advanced)" componentmode="InABox" nodename="IOBox (Value Advanced)">
   <PIN pinname="Descriptive Name" slicecount="1" values="|Up Edge|">
   </PIN>
   <BOUNDS type="Box" left="6111" top="11015" width="675" height="240">
   </BOUNDS>
   <BOUNDS type="Node" left="6111" top="11015" width="750" height="240">
   </BOUNDS>
   <PIN pinname="Y Input Value" visible="1">
   </PIN>
   </NODE>
   <LINK srcnodeid="4" srcpinname="Up Edge" dstnodeid="11" dstpinname="Input">
   </LINK>
   <LINK srcnodeid="11" srcpinname="Output" dstnodeid="10" dstpinname="Switch">
   </LINK>
   <LINK srcnodeid="9" srcpinname="Color Output" dstnodeid="10" dstpinname="Input 1">
   </LINK>
   <LINK srcnodeid="17" srcpinname="Color Output" dstnodeid="10" dstpinname="Input 2">
   </LINK>
   <LINK srcnodeid="10" srcpinname="Output" dstnodeid="15" dstpinname="Input 1">
   </LINK>
   <LINK srcnodeid="14" srcpinname="Output" dstnodeid="15" dstpinname="Input 2">
   </LINK>
   <LINK srcnodeid="12" srcpinname="Y Output Value" dstnodeid="2" dstpinname="TranslateY">
   </LINK>
   <LINK srcnodeid="3" srcpinname="Y Output Value" dstnodeid="2" dstpinname="ScaleX">
   </LINK>
   <LINK srcnodeid="3" srcpinname="Y Output Value" dstnodeid="2" dstpinname="ScaleY">
   </LINK>
   <LINK srcnodeid="2" srcpinname="Transform Out" dstnodeid="7" dstpinname="Transform In">
   </LINK>
   <LINK srcnodeid="8" srcpinname="Y Output Value" dstnodeid="7" dstpinname="ScaleX">
   </LINK>
   <LINK srcnodeid="8" srcpinname="Y Output Value" dstnodeid="7" dstpinname="ScaleY">
   </LINK>
   <BOUNDS type="Window" left="14010" top="6210" width="6810" height="10830">
   </BOUNDS>
   <PACK Name="dx11" Version="1.3.1">
   </PACK>
   <PACK Name="dx11.particles" Version="1.0.6">
   </PACK>
   <PACK Name="vvvv-Message" Version="2.9.10">
   </PACK>
   <PACK Name="addonpack" Version="39.0.0">
   </PACK>
   <NODE nodename="IOBox (Node)" componentmode="InABox" id="22">
   <BOUNDS type="Box" left="3552" top="816" width="792" height="240">
   </BOUNDS>
   <BOUNDS type="Node" left="3552" top="816" width="0" height="0">
   </BOUNDS>
   <PIN pinname="Input Node" slicecount="1" visible="1" values="||">
   </PIN>
   <PIN pinname="Descriptive Name" slicecount="1" values="|Transform In|">
   </PIN>
   </NODE>
   <LINK srcnodeid="22" srcpinname="Output Node" dstnodeid="2" dstpinname="Transform In">
   </LINK>
   <NODE nodename="IOBox (Color)" componentmode="InABox" id="23">
   <BOUNDS type="Box" left="5892" top="4836" width="2256" height="480">
   </BOUNDS>
   <BOUNDS type="Node" left="5892" top="4836" width="0" height="0">
   </BOUNDS>
   <PIN pinname="Color Input" slicecount="1" visible="1" values="|0.94302,0.63016,0.00000,1.00000|">
   </PIN>
   <PIN pinname="Descriptive Name" slicecount="1" values="Color">
   </PIN>
   </NODE>
   <NODE systemname="Text (DX11.Layer)" filename="%VVVV%\packs\dx11\nodes\plugins\text\VVVV.DX11.Nodes.Text.dll" nodename="Text (DX11.Layer)" componentmode="Hidden" id="5">
   <BOUNDS type="Node" left="3660" top="8268" width="100" height="100">
   </BOUNDS>
   <BOUNDS type="Box" left="3660" top="8268" width="2400" height="2400">
   </BOUNDS>
   <PIN pinname="Layer" visible="1">
   </PIN>
   <PIN pinname="Size" slicecount="1" values="150">
   </PIN>
   <PIN pinname="Transform" visible="1" slicecount="1" values="||">
   </PIN>
   <PIN pinname="Text" visible="1" slicecount="1" values="Stop">
   </PIN>
   <PIN pinname="Horizontal Align" slicecount="1" visible="1" values="Center">
   </PIN>
   <PIN pinname="Color" slicecount="1" visible="1" values="|0.94302,0.63016,0.00000,1.00000|">
   </PIN>
   <PIN pinname="Transform In" visible="1">
   </PIN>
   <PIN pinname="Font" slicecount="1" values="Arial">
   </PIN>
   <PIN pinname="String" visible="1">
   </PIN>
   </NODE>
   <LINK srcnodeid="7" srcpinname="Transform Out" dstnodeid="5" dstpinname="Transform">
   </LINK>
   <LINK srcnodeid="13" srcpinname="Output String" dstnodeid="5" dstpinname="Text">
   </LINK>
   <LINK srcnodeid="23" srcpinname="Color Output" dstnodeid="5" dstpinname="Color">
   </LINK>
   <LINK srcnodeid="7" srcpinname="Transform Out" dstnodeid="5" dstpinname="Transform In">
   </LINK>
   <LINK srcnodeid="13" srcpinname="Output String" dstnodeid="5" dstpinname="String">
   </LINK>
   <NODE systemname="Constant (DX11.Effect)" nodename="Constant (DX11.Effect)" componentmode="Hidden" id="1" filename="%VVVV%\packs\dx11\nodes\dx11\Constant.fx">
   <BOUNDS type="Node" left="1656" top="8256" width="100" height="100">
   </BOUNDS>
   <PIN pinname="Layer" visible="1">
   </PIN>
   <PIN pinname="Transform" visible="1" slicecount="1" values="||">
   </PIN>
   <PIN pinname="Resolution" slicecount="1" values="20">
   </PIN>
   <PIN pinname="Color" visible="1" slicecount="1" values="|0.20000,0.20000,0.20000,1.00000|">
   </PIN>
   <PIN pinname="Resolution Y" slicecount="1" visible="1" values="15">
   </PIN>
   <PIN pinname="Resolution X" slicecount="1" visible="1" values="15">
   </PIN>
   <PIN pinname="Geometry" visible="1">
   </PIN>
   <PIN pinname="Transform In" visible="1">
   </PIN>
   </NODE>
   <LINK srcnodeid="0" srcpinname="Transform Out" dstnodeid="1" dstpinname="Transform">
   </LINK>
   <LINK srcnodeid="15" srcpinname="Output" dstnodeid="1" dstpinname="Color">
   </LINK>
   <NODE systemname="Segment (DX11.Geometry)" filename="%VVVV%\packs\dx11\nodes\plugins\base\VVVV.DX11.Nodes.dll" nodename="Segment (DX11.Geometry)" componentmode="Hidden" id="24">
   <BOUNDS type="Node" left="1350" top="7425" width="100" height="100">
   </BOUNDS>
   <BOUNDS type="Box" left="1350" top="7425" width="3000" height="3000">
   </BOUNDS>
   <PIN pinname="Geometry Out" visible="1">
   </PIN>
   </NODE>
   <LINK srcnodeid="24" srcpinname="Geometry Out" dstnodeid="1" dstpinname="Geometry">
   </LINK>
   <LINK srcnodeid="0" srcpinname="Transform Out" dstnodeid="1" dstpinname="Transform In">
   </LINK>
   <NODE systemname="Group (DX11.Layer)" nodename="Group (DX11.Layer)" componentmode="Hidden" id="6" filename="%VVVV%\packs\dx11\nodes\plugins\base\VVVV.DX11.Nodes.dll">
   <BOUNDS type="Node" left="2280" top="9060" width="2784" height="276">
   </BOUNDS>
   <PIN pinname="Layer 1" visible="1" slicecount="1" values="||">
   </PIN>
   <PIN pinname="Layer 2" visible="1" slicecount="1" values="||">
   </PIN>
   <PIN pinname="Layer" visible="1">
   </PIN>
   <PIN pinname="Layer Out" visible="1">
   </PIN>
   </NODE>
   <LINK srcnodeid="5" srcpinname="Layer" dstnodeid="6" dstpinname="Layer 2">
   </LINK>
   <LINK srcnodeid="1" srcpinname="Layer" dstnodeid="6" dstpinname="Layer 1">
   </LINK>
   <LINK srcnodeid="6" srcpinname="Layer Out" dstnodeid="20" dstpinname="Input Node">
   </LINK>
   <NODE systemname="R (Value)" nodename="R (Value)" componentmode="Hidden" id="27">
   <BOUNDS type="Node" left="7005" top="8055" width="1410" height="270">
   </BOUNDS>
   <PIN pinname="Receive String" slicecount="1" visible="1" values="StopEverything">
   </PIN>
   <PIN pinname="Input Value" visible="1">
   </PIN>
   </NODE>
   <NODE nodename="IOBox (Enumerations)" componentmode="InABox" id="26">
   <BOUNDS type="Box" left="7020" top="7440" width="1605" height="255">
   </BOUNDS>
   <BOUNDS type="Node" left="7020" top="7440" width="0" height="0">
   </BOUNDS>
   <PIN pinname="Input Enum" slicecount="1" visible="1" values="StopEverything">
   </PIN>
   <PIN pinname="Default" slicecount="1" values="ToSpeechTrigger">
   </PIN>
   <PIN pinname="File Mask" slicecount="1" values="||">
   </PIN>
   <PIN pinname="Maximum Characters" slicecount="1" values="-1">
   </PIN>
   </NODE>
   <LINK srcnodeid="26" srcpinname="Output Enum" dstnodeid="27" dstpinname="Receive String">
   </LINK>
   <NODE systemname="OR (Boolean)" nodename="OR (Boolean)" componentmode="Hidden" id="28">
   <BOUNDS type="Node" left="6285" top="10320" width="100" height="100">
   </BOUNDS>
   <PIN pinname="Input 2" visible="1">
   </PIN>
   <PIN pinname="Input 1" visible="1">
   </PIN>
   <PIN pinname="Output" visible="1">
   </PIN>
   </NODE>
   <LINK srcnodeid="4" srcpinname="Up Edge" dstnodeid="28" dstpinname="Input 1">
   </LINK>
   <LINK srcnodeid="28" srcpinname="Output" dstnodeid="21" dstpinname="Y Input Value">
   </LINK>
   <NODE systemname="MonoFlop (Animation)" nodename="MonoFlop (Animation)" componentmode="Hidden" id="30">
   <BOUNDS type="Node" left="7050" top="8685" width="840" height="270">
   </BOUNDS>
   <PIN pinname="Set" visible="1" slicecount="1" values="0">
   </PIN>
   <PIN pinname="Time" slicecount="1" values="0.4">
   </PIN>
   <PIN pinname="Output" visible="1">
   </PIN>
   </NODE>
   <NODE systemname="TogEdge (Animation)" nodename="TogEdge (Animation)" componentmode="Hidden" id="29">
   <BOUNDS type="Node" left="7110" top="9225" width="735" height="270">
   </BOUNDS>
   <PIN pinname="Input" visible="1">
   </PIN>
   <PIN pinname="Down Edge" visible="1">
   </PIN>
   </NODE>
   <LINK srcnodeid="30" srcpinname="Output" dstnodeid="29" dstpinname="Input">
   </LINK>
   <LINK srcnodeid="27" srcpinname="Input Value" dstnodeid="30" dstpinname="Set">
   </LINK>
   <LINK srcnodeid="29" srcpinname="Down Edge" dstnodeid="28" dstpinname="Input 2">
   </LINK>
   </PATCH>