<!DOCTYPE PATCH  SYSTEM "http://vvvv.org/versions/vvvv50beta39.dtd" >
   <PATCH nodename="C:\Users\Kamome\Documents\ws-demo\ws-vvvv-platform\.vvvv\modules\WSGetSoundKit.v4p" systemname="WSGetSoundKit" filename="C:\Users\Kamome\Documents\ws-demo\ws-vvvv-platform\.vvvv\modules\WSGetSoundKit.v4p" scrollx="420" scrolly="2412">
   <NODE systemname="AsXElement (JSON)" filename="%VVVV%\addonpack\lib\nodes\plugins\JSONStringAsElement.dll" nodename="AsXElement (JSON)" componentmode="Hidden" id="0">
   <BOUNDS type="Node" left="1932" top="1500" width="100" height="100">
   </BOUNDS>
   <BOUNDS type="Box" left="1932" top="1500" width="2400" height="2400">
   </BOUNDS>
   <PIN pinname="JSON" visible="1" slicecount="1" values="|[&quot;gu&quot;,&quot;hihat&quot;,&quot;kick&quot;,&quot;moby&quot;,&quot;ride&quot;,&quot;sin&quot;,&quot;snare&quot;,&quot;still_build&quot;,&quot;still_fine&quot;,&quot;still_full&quot;,&quot;still_intro&quot;,&quot;still_voice&quot;]|">
   </PIN>
   <PIN pinname="Element" visible="1">
   </PIN>
   </NODE>
   <NODE systemname="GetElements (XElement ByXPath)" filename="%VVVV%\lib\nodes\plugins\VVVV.Nodes.dll" nodename="GetElements (XElement ByXPath)" componentmode="Hidden" id="1">
   <BOUNDS type="Node" left="1500" top="2784" width="100" height="100">
   </BOUNDS>
   <BOUNDS type="Box" left="1500" top="2784" width="2400" height="2400">
   </BOUNDS>
   <PIN pinname="XPath" slicecount="1" visible="1" values="type">
   </PIN>
   <PIN pinname="Element" visible="1">
   </PIN>
   <PIN pinname="Elements" visible="1">
   </PIN>
   </NODE>
   <NODE systemname="Element (XElement Split)" filename="%VVVV%\lib\nodes\plugins\VVVV.Nodes.dll" nodename="Element (XElement Split)" componentmode="Hidden" id="2">
   <BOUNDS type="Node" left="1500" top="3228" width="100" height="100">
   </BOUNDS>
   <BOUNDS type="Box" left="1500" top="3228" width="2400" height="2400">
   </BOUNDS>
   <PIN pinname="Element" visible="1">
   </PIN>
   <PIN pinname="Deep Value" visible="1">
   </PIN>
   <PIN pinname="Children" visible="-1" pintype="Output">
   </PIN>
   <PIN pinname="Children Bin Size" visible="-1" pintype="Output">
   </PIN>
   <PIN pinname="Attributes" visible="-1" pintype="Output">
   </PIN>
   <PIN pinname="Attributes Bin Size" visible="-1" pintype="Output">
   </PIN>
   <PIN pinname="Document Root" visible="-1" pintype="Output">
   </PIN>
   <PIN pinname="Parent" visible="-1" pintype="Output">
   </PIN>
   <PIN pinname="Next" visible="-1" pintype="Output">
   </PIN>
   <PIN pinname="Value" visible="1">
   </PIN>
   </NODE>
   <NODE systemname="EQ (String)" nodename="EQ (String)" componentmode="Hidden" id="3">
   <BOUNDS type="Node" left="2040" top="4104" width="100" height="100">
   </BOUNDS>
   <PIN pinname="Input 1" visible="1">
   </PIN>
   <PIN pinname="Input 2" visible="1">
   </PIN>
   <PIN pinname="Output" visible="1">
   </PIN>
   </NODE>
   <NODE nodename="IOBox (String)" componentmode="InABox" id="4" systemname="IOBox (String)">
   <BOUNDS type="Box" left="2328" top="3744" width="792" height="240">
   </BOUNDS>
   <BOUNDS type="Node" left="2328" top="3744" width="0" height="0">
   </BOUNDS>
   <PIN pinname="Input String" slicecount="1" visible="1" values="kit">
   </PIN>
   <PIN pinname="Default" slicecount="1" values="||">
   </PIN>
   <PIN pinname="File Mask" slicecount="1" values="||">
   </PIN>
   <PIN pinname="Maximum Characters" slicecount="1" values="-1">
   </PIN>
   <PIN pinname="String Type" slicecount="1" values="Multiline">
   </PIN>
   </NODE>
   <NODE nodename="IOBox (String)" componentmode="InABox" id="8" systemname="IOBox (String)">
   <BOUNDS type="Box" left="1944" top="2448" width="792" height="240">
   </BOUNDS>
   <BOUNDS type="Node" left="1944" top="2448" width="0" height="0">
   </BOUNDS>
   <PIN pinname="Input String" slicecount="1" visible="1" values="type">
   </PIN>
   <PIN pinname="Default" slicecount="1" values="MyChildTag/MyChildsChildTag">
   </PIN>
   <PIN pinname="File Mask" slicecount="1" values="||">
   </PIN>
   <PIN pinname="Maximum Characters" slicecount="1" values="-1">
   </PIN>
   </NODE>
   <NODE systemname="Element (XElement Split)" filename="%VVVV%\lib\nodes\plugins\VVVV.Nodes.dll" nodename="Element (XElement Split)" componentmode="Hidden" id="9">
   <BOUNDS type="Node" left="3708" top="3696" width="100" height="100">
   </BOUNDS>
   <BOUNDS type="Box" left="3708" top="3696" width="2400" height="2400">
   </BOUNDS>
   <PIN pinname="Element" visible="1" slicecount="1" values="||">
   </PIN>
   <PIN pinname="Deep Value" visible="1" pintype="Output">
   </PIN>
   <PIN pinname="Children" visible="1" pintype="Output">
   </PIN>
   <PIN pinname="Children Bin Size" visible="-1" pintype="Output">
   </PIN>
   <PIN pinname="Attributes" visible="-1" pintype="Output">
   </PIN>
   <PIN pinname="Attributes Bin Size" visible="-1" pintype="Output">
   </PIN>
   <PIN pinname="Document Root" visible="-1" pintype="Output">
   </PIN>
   <PIN pinname="Parent" visible="-1" pintype="Output">
   </PIN>
   <PIN pinname="Next" visible="-1" pintype="Output">
   </PIN>
   <PIN pinname="Value" visible="1" pintype="Output">
   </PIN>
   <PIN pinname="Name" visible="-1" pintype="Output">
   </PIN>
   </NODE>
   <NODE systemname="S+H (String)" nodename="S+H (String)" componentmode="Hidden" id="10">
   <BOUNDS type="Node" left="3912" top="6360" width="100" height="100">
   </BOUNDS>
   <PIN pinname="Input" visible="1">
   </PIN>
   <PIN pinname="Set" visible="1">
   </PIN>
   <PIN pinname="Output" visible="1">
   </PIN>
   </NODE>
   <NODE nodename="IOBox (String)" componentmode="InABox" id="12" systemname="IOBox (String)">
   <BOUNDS type="Box" left="5736" top="6240" width="792" height="240">
   </BOUNDS>
   <BOUNDS type="Node" left="5736" top="6240" width="0" height="0">
   </BOUNDS>
   <PIN pinname="Input String" slicecount="1" visible="1" values="soundsKit">
   </PIN>
   <PIN pinname="Default" slicecount="1" values="devnul">
   </PIN>
   <PIN pinname="File Mask" slicecount="1" values="||">
   </PIN>
   <PIN pinname="Maximum Characters" slicecount="1" values="-1">
   </PIN>
   <PIN pinname="Output String" visible="1">
   </PIN>
   </NODE>
   <LINK srcnodeid="1" srcpinname="Elements" dstnodeid="2" dstpinname="Element">
   </LINK>
   <LINK srcnodeid="0" srcpinname="Element" dstnodeid="1" dstpinname="Element">
   </LINK>
   <LINK srcnodeid="8" srcpinname="Output String" dstnodeid="1" dstpinname="XPath">
   </LINK>
   <NODE id="14" systemname="IOBox (String)" componentmode="InABox" nodename="IOBox (String)">
   <PIN pinname="Descriptive Name" slicecount="1" values="JSON">
   </PIN>
   <BOUNDS type="Box" left="1932" top="500" width="750" height="240">
   </BOUNDS>
   <BOUNDS type="Node" left="1932" top="500" width="750" height="240">
   </BOUNDS>
   <PIN pinname="Output String" visible="1">
   </PIN>
   </NODE>
   <LINK srcnodeid="14" srcpinname="Output String" dstnodeid="0" dstpinname="JSON">
   </LINK>
   <LINK srcnodeid="2" srcpinname="Value" dstnodeid="3" dstpinname="Input 1">
   </LINK>
   <LINK srcnodeid="4" srcpinname="Output String" dstnodeid="3" dstpinname="Input 2">
   </LINK>
   <BOUNDS type="Window" left="11268" top="5940" width="6396" height="7236">
   </BOUNDS>
   <PACK Name="dx11" Version="1.3.1">
   </PACK>
   <PACK Name="dx11.particles" Version="1.0.6">
   </PACK>
   <PACK Name="vvvv-Message" Version="2.9.10">
   </PACK>
   <PACK Name="addonpack" Version="39.0.0">
   </PACK>
   <NODE nodename="IOBox (String)" componentmode="InABox" id="15">
   <BOUNDS type="Box" left="3936" top="6864" width="792" height="240">
   </BOUNDS>
   <BOUNDS type="Node" left="3936" top="6864" width="0" height="0">
   </BOUNDS>
   <PIN pinname="Default" slicecount="1" values="||">
   </PIN>
   <PIN pinname="File Mask" slicecount="1" values="||">
   </PIN>
   <PIN pinname="Maximum Characters" slicecount="1" values="-1">
   </PIN>
   <PIN pinname="String Type" slicecount="1" values="String">
   </PIN>
   <PIN pinname="Descriptive Name" slicecount="1" values="Output">
   </PIN>
   </NODE>
   <LINK srcnodeid="10" srcpinname="Output" dstnodeid="15" dstpinname="Input String">
   </LINK>
   <LINK srcnodeid="9" srcpinname="Deep Value" dstnodeid="10" dstpinname="Input">
   </LINK>
   <NODE id="7" systemname="Element (XElement Split)" filename="%VVVV%\lib\nodes\plugins\VVVV.Nodes.dll" nodename="Element (XElement Split)" componentmode="Hidden">
   <PIN pinname="Children" visible="1" pintype="Output">
   </PIN>
   <BOUNDS type="Node" left="3396" top="3084" width="100" height="100">
   </BOUNDS>
   <BOUNDS type="Box" left="3396" top="3084" width="2400" height="2400">
   </BOUNDS>
   <PIN pinname="Element" visible="1">
   </PIN>
   <PIN pinname="Deep Value" visible="-1" pintype="Output">
   </PIN>
   <PIN pinname="Children Bin Size" visible="-1" pintype="Output">
   </PIN>
   <PIN pinname="Attributes" visible="-1" pintype="Output">
   </PIN>
   <PIN pinname="Attributes Bin Size" visible="-1" pintype="Output">
   </PIN>
   <PIN pinname="Document Root" visible="-1" pintype="Output">
   </PIN>
   <PIN pinname="Parent" visible="-1" pintype="Output">
   </PIN>
   <PIN pinname="Next" visible="-1" pintype="Output">
   </PIN>
   <PIN pinname="Value" visible="-1" pintype="Output">
   </PIN>
   </NODE>
   <NODE id="6" systemname="GetElements (XElement ByXPath)" filename="%VVVV%\lib\nodes\plugins\VVVV.Nodes.dll" nodename="GetElements (XElement ByXPath)" componentmode="Hidden">
   <BOUNDS type="Node" left="3396" top="2640" width="100" height="100">
   </BOUNDS>
   <BOUNDS type="Box" left="3396" top="2640" width="2400" height="2400">
   </BOUNDS>
   <PIN pinname="XPath" slicecount="1" values="sounds">
   </PIN>
   <PIN pinname="Element" visible="1" slicecount="1" values="||">
   </PIN>
   <PIN pinname="Elements" visible="1">
   </PIN>
   </NODE>
   <LINK srcnodeid="6" srcpinname="Elements" dstnodeid="7" dstpinname="Element">
   </LINK>
   <LINK srcnodeid="0" srcpinname="Element" dstnodeid="6" dstpinname="Element">
   </LINK>
   <LINK srcnodeid="7" srcpinname="Children" dstnodeid="9" dstpinname="Element">
   </LINK>
   <NODE systemname="S (String)" nodename="S (String)" componentmode="Hidden" id="22">
   <BOUNDS type="Node" left="4752" top="6852" width="100" height="100">
   </BOUNDS>
   <PIN pinname="Input Value" visible="1" slicecount="1" values="||">
   </PIN>
   <PIN pinname="Send String" visible="1">
   </PIN>
   </NODE>
   <LINK srcnodeid="12" srcpinname="Output String" dstnodeid="22" dstpinname="Send String">
   </LINK>
   <LINK srcnodeid="10" srcpinname="Output" dstnodeid="22" dstpinname="Input Value">
   </LINK>
   <NODE systemname="AND (Boolean)" nodename="AND (Boolean)" componentmode="Hidden" id="23">
   <BOUNDS type="Node" left="2592" top="5616" width="100" height="100">
   </BOUNDS>
   <PIN pinname="Input 1" visible="1">
   </PIN>
   <PIN pinname="Input 2" visible="1">
   </PIN>
   <PIN pinname="Output" visible="1">
   </PIN>
   </NODE>
   <LINK srcnodeid="3" srcpinname="Output" dstnodeid="23" dstpinname="Input 1">
   </LINK>
   <LINK srcnodeid="23" srcpinname="Output" dstnodeid="10" dstpinname="Set">
   </LINK>
   <NODE systemname="EQ (String)" nodename="EQ (String)" componentmode="Hidden" id="27">
   <BOUNDS type="Node" left="4212" top="4800" width="100" height="100">
   </BOUNDS>
   <PIN pinname="Input 2" slicecount="1" values="||">
   </PIN>
   <PIN pinname="Input 1" visible="1" slicecount="1" values="||">
   </PIN>
   <PIN pinname="Output" visible="1">
   </PIN>
   <PIN pinname="Inverse Output" visible="1">
   </PIN>
   </NODE>
   <NODE systemname="OR (Boolean Spectral)" nodename="OR (Boolean Spectral)" componentmode="Hidden" id="28">
   <BOUNDS type="Node" left="4188" top="5232" width="100" height="100">
   </BOUNDS>
   <PIN pinname="Input 1" visible="1">
   </PIN>
   <PIN pinname="Input" visible="1">
   </PIN>
   <PIN pinname="Output" visible="1">
   </PIN>
   </NODE>
   <LINK srcnodeid="27" srcpinname="Output" dstnodeid="28" dstpinname="Input 1">
   </LINK>
   <LINK srcnodeid="28" srcpinname="Output" dstnodeid="23" dstpinname="Input 2">
   </LINK>
   <LINK srcnodeid="27" srcpinname="Inverse Output" dstnodeid="28" dstpinname="Input">
   </LINK>
   <LINK srcnodeid="9" srcpinname="Deep Value" dstnodeid="27" dstpinname="Input 1">
   </LINK>
   </PATCH>